ID,Lng,Lat,Elevation,MAT,MAP,PAR,NDVI,Clay,Silt,Sand,AGB
0,102.32,33.45,3498,3.2262,696.589,2316.72,0.4367,23,39,38,0.102
1,102.15,33.73,3471,3.1702,666.337,2347.02,0.4337,27,37,36,0.051
2,101.93,33.87,3630,2.3451,666.862,2366.56,0.4105,20,49,31,0.087
3,102.07,33.95,3497,2.7286,655.118,2362.63,0.4195,22,42,37,0.069
4,102.03,33.98,3469,3.0242,643.324,2364.34,0.414,18,33,49,0.107
5,102.08,34.01,3508,2.6339,653.408,2365.32,0.4189,24,40,37,0.07
6,102.3,34.04,3722,1.1904,702.96,2363.78,0.4074,20,45,35,0.085
7,102.41,34.11,3683,1.7402,692.385,2359.42,0.3949,19,47,34,0.071
8,103.99,35.95,1939,8.5081,406.127,2255.2,0.3225,19,36,45,0.085
9,104.15,35.95,1791,9.052,385.66,2245.71,0.318,16,36,47,0.065
10,106.4,35.4,1804,8.1105,622.42,1995.88,0.4371,20,30,51,0.094
11,105.99,35.56,1984,6.9427,570.011,2059.7,0.2631,21,43,36,0.102
12,105.74,35.71,1905,7.546,498.27,2106.85,0.2372,21,43,36,0.078
13,104.25,36.23,2224,6.6282,401.327,2282.93,0.1919,21,38,41,0.048
14,104.31,36.28,2079,7.2758,372.673,2283.42,0.1814,21,43,35,0.041
15,106.31,35.82,1942,7.0024,568.192,2096.82,0.2825,23,54,23,0.092
16,95.13,40.08,1498,9.8085,98.4444,2588.38,0.0373,32,29,39,0.041
17,108.03,35.32,1146,10.8627,611.084,1968.23,0.3291,19,41,40,0.094
18,102.68,37.21,3166,2.0373,498.649,2384.94,0.3415,19,45,36,0.06
19,96.25,39.7,2788,3.6087,269.145,2579.94,0.0943,23,26,51,0.034
20,102.7,37.22,3077,1.9448,499.041,2383.79,0.3386,21,39,39,0.061
21,107.9,35.52,1038,11.5194,583.456,2001.94,0.3193,20,45,35,0.088
22,106.4,36.22,1887,8.0452,488.561,2186.64,0.2277,21,43,36,0.085
23,106.37,36.25,1981,7.1229,505.454,2197.59,0.2287,21,43,36,0.0775
24,106.32,36.27,1845,8.3833,465.05,2200.14,0.2323,21,43,36,0.075
25,106.45,36.28,1852,7.7706,492.941,2198.31,0.2202,12,12,76,0.083
26,106.61,36.29,1774,8.1018,500.15,2193.77,0.2114,13,16,70,0.062
27,99.8,38.77,3053,0.6847,419.575,2465.12,0.3563,21,54,25,0.029
28,100.43,38.57,2223,5.6737,335.787,2438.43,0.2966,6,15,79,0.057
29,100.43,38.6,2145,6.0342,323.452,2440,0.2991,20,41,39,0.057
30,95.93,40.52,1202,10.3533,70.0908,2577.83,0.175,22,44,34,0.032
31,100.69,38.62,1856,7.6596,288.067,2447.58,0.2576,17,37,46,0.072
32,100.71,38.62,1866,7.6607,287.964,2448.99,0.2583,8,16,76,0.073
33,100.74,38.62,1884,7.5856,289.743,2451.26,0.2595,4,6,90,0.065
34,103.17,37.72,1692,8.8715,246.075,2428.34,0.22,7,12,82,0.043
35,103.18,37.72,1698,8.805,247.144,2428.89,0.2196,5,6,89,0.051
36,100.78,38.62,1897,7.4228,294.135,2453.98,0.2609,25,40,35,0.049
37,99.38,39.19,1921,6.4971,216.969,2478.64,0.1918,20,43,37,0.041
38,100.12,38.92,1745,7.7845,240.839,2458.57,0.2116,32,29,39,0.042
39,99.34,39.23,1807,6.9658,201.545,2480.13,0.1847,19,40,41,0.031
40,99.1,39.33,1667,7.8663,166.928,2485.52,0.1931,28,35,37,0.042
41,99.58,39.15,2074,5.5514,255.974,2482.8,0.2249,21,38,41,0.054
42,99.1,39.35,1613,7.9691,164.445,2486.79,0.1895,21,50,29,0.038
43,99.1,39.38,1583,8.2005,158.045,2490.23,0.1802,21,49,30,0.04
44,99.59,39.2,1869,6.7659,221.519,2484.43,0.2112,24,23,52,0.067
45,100.95,38.68,1896,7.5869,278.195,2473.32,0.221,24,40,36,0.048
46,101.24,38.57,2028,6.8256,298.65,2479.02,0.2199,21,42,37,0.042
47,99.53,39.26,1621,8.0696,183.138,2484.1,0.1644,24,40,36,0.039
48,98.28,39.76,1678,7.6024,142.235,2531.43,0.0625,21,36,43,0.036
49,98.33,39.74,1624,7.8517,137.813,2527.98,0.0768,21,35,44,0.051
50,105.25,37.17,2078,6.2285,303.886,2411.69,0.1349,22,42,36,0.05
51,105.6,37.06,1521,9.1841,257.773,2374.37,0.1159,21,38,41,0.034
52,99.59,39.32,1456,8.8754,163.29,2490.29,0.1133,29,23,48,0.044
53,106.23,36.87,1815,7.7091,379.573,2332.05,0.1679,12,12,76,0.069
54,105.67,37.1,1498,9.5314,250.759,2378.13,0.1136,21,41,38,0.047
55,105.3,37.31,1702,8.0626,250.933,2418.41,0.1235,11,16,73,0.04
56,105.22,37.35,1628,8.5082,233.814,2421.63,0.121,32,25,43,0.034
57,105.24,37.4,1426,9.5987,203.702,2421.36,0.1193,21,38,41,0.03
58,107.87,36.51,1413,9.3002,553.58,2217.01,0.2347,21,43,36,0.106
59,100.19,39.31,1390,9.6043,165.897,2512.9,0.2698,40,28,33,0.055
60,101.15,38.95,1937,7.3336,254.04,2531.32,0.1227,26,29,45,0.058
61,106.39,37.06,1757,8.168,350.67,2355.68,0.1338,17,25,58,0.045
62,105.73,37.42,1312,10.1062,216.31,2411.1,0.2116,21,38,41,0.03
63,106.49,37.42,1349,10.0358,263.378,2382.34,0.1922,26,24,50,0.034
64,99.36,40.17,1207,9.706,90.7989,2596.52,0.086,21,48,31,0.024
65,99.4,40.17,1200,9.7493,90.7152,2597.73,0.0588,19,47,34,0.031
66,99.43,40.17,1200,9.7376,91.2661,2598.81,0.051,32,29,39,0.033
67,99.46,40.17,1200,9.7327,91.7402,2599.92,0.0525,32,29,39,0.035
68,99.51,40.15,1203,9.7051,94.4384,2599.48,0.053,32,29,39,0.039
69,99.5,40.16,1201,9.7308,93.069,2600.25,0.0536,32,29,39,0.027
70,99.54,40.15,1201,9.6985,95.1077,2600.53,0.0528,32,29,39,0.049
71,101.9,39.25,1775,7.9506,197.547,2621.5,0.0599,8,16,76,0.041
72,106.9,37.44,1500,9.0853,314.005,2370.87,0.1758,9,13,78,0.03
73,107.1,37.6,1547,8.7211,321.365,2375.53,0.1561,14,19,67,0.045
74,106.91,37.76,1415,9.2105,282.551,2388.1,0.1619,21,38,41,0.03
75,105.43,38.31,1404,9.4492,201.445,2492.29,0.072,5,6,89,0.026
76,107.16,37.7,1544,8.5562,320.486,2378.53,0.1739,5,6,89,0.034
77,106.97,37.79,1451,9.0989,286.183,2387.82,0.1607,21,38,41,0.038
78,107.27,37.74,1460,8.8357,317.472,2373.5,0.1605,20,26,54,0.029
79,107.28,37.76,1440,8.9746,312.485,2373.43,0.16,5,6,89,0.034
80,107.32,37.76,1402,9.121,311.643,2370.75,0.1562,5,6,89,0.038
81,106.91,37.96,1408,9.1525,271.317,2395.4,0.1286,22,42,36,0.035
82,107.25,37.88,1550,8.22,321.81,2382.49,0.1584,21,38,41,0.046
83,107.1,38.06,1464,8.6642,288.805,2391.27,0.1279,13,34,53,0.031
84,105.85,38.86,2192,5.6491,307.216,2516.88,0.1145,26,29,45,0.029
85,105.61,38.95,1431,9.0253,207.418,2517.36,0.0902,24,10,66,0.059
86,105.65,38.96,1457,8.8789,211.817,2515.43,0.0896,24,10,66,0.0357
87,107.19,38.42,1450,8.3655,283.7,2393.78,0.1705,6,7,86,0.053
88,107.26,38.41,1470,8.3301,288.612,2391.26,0.175,5,6,89,0.052
89,107.24,38.5,1415,8.5671,277.416,2391.88,0.1746,20,33,48,0.0323
90,105.69,39.29,1223,9.7895,170.909,2521.1,0.0867,16,29,55,0.027
91,107.5,38.66,1386,8.448,286.115,2383.22,0.1816,26,29,45,0.033
92,108.93,38.17,1199,9.2037,406.266,2317.1,0.1901,5,6,89,0.032
93,105.89,39.36,1268,9.7427,171.68,2508.07,0.0882,24,10,66,0.036
94,107.62,38.91,1250,9.027,264.567,2379.11,0.1326,12,26,62,0.03
95,105.68,39.77,1031,10.3877,131.876,2533.09,0.0629,24,12,13,0.037
96,107.93,39.15,1507,7.0996,320.285,2381.56,0.1535,24,42,34,0.04
97,107.91,39.21,1446,7.4509,306.131,2381.55,0.1484,26,29,45,0.045
98,108.45,39.08,1473,7.1651,358.598,2365.13,0.1411,5,6,89,0.025
99,108.2,39.32,1451,7.5337,315.487,2375.83,0.1604,26,45,29,0.047
100,109.58,38.89,1301,8.1211,458.125,2308.99,0.1847,5,6,89,0.043
101,108.64,39.28,1423,7.4177,353.42,2363.03,0.1343,5,6,89,0.026
102,108.64,39.76,1403,7.6381,328.295,2371.04,0.1492,5,6,89,0.042
103,111.16,39.71,1114,8.2387,484.98,2230.29,0.1748,7,10,83,0.037
104,106.97,41.42,1668,5.0596,231.23,2446.42,0.0792,26,29,45,0.0327
105,108.64,41.31,1150,7.5837,242.911,2362.04,0.1895,26,29,45,0.047
106,108.49,41.39,1203,7.3253,237.367,2368.11,0.1158,20,37,43,0.028
107,108.51,41.49,1247,6.8637,242.714,2368.71,0.1177,26,29,45,0.0223
108,108.28,41.83,1398,5.9282,237.007,2380.78,0.1169,26,29,45,0.027
109,110.38,41.56,1458,5.2829,309.714,2331.18,0.1778,21,42,37,0.0343
110,110.78,41.45,1556,4.7765,356.62,2324.91,0.1891,21,42,37,0.051
111,110.69,41.52,1503,4.8286,340.031,2326.54,0.1956,21,42,37,0.037
112,111.6,41.21,1645,4.271,434.418,2306.33,0.2148,13,25,62,0.058
113,111.79,41.74,1450,4.8341,333.872,2320.07,0.2,21,42,37,0.057
114,111.89,41.78,1450,4.833,328.521,2320.58,0.2033,21,42,37,0.044
115,111.85,41.8,1449,4.9825,322.221,2321.72,0.1958,21,42,37,0.035
116,111.95,41.87,1495,4.6111,322.816,2324.64,0.2062,21,42,37,0.056
117,112.22,42.17,1345,5.1891,277.891,2326.78,0.1799,10,21,69,0.0503
118,112.8,41.98,1307,5.2172,305.725,2310.8,0.1765,21,42,37,0.039
119,112.42,42.41,1251,5.2867,256.566,2326.75,0.1701,19,45,36,0.0473
120,113.03,42.2,1265,4.9924,297.383,2311.21,0.1827,5,6,89,0.049
121,113.11,42.32,1296,4.8631,292.982,2313.1,0.1732,26,45,29,0.05
122,115.18,41.73,1397,4.0563,438.511,2227.95,0.2486,17,27,56,0.0793
123,115.14,41.75,1381,4.0959,434.124,2230.46,0.2467,33,39,28,0.0657
124,112.78,42.63,1125,5.6703,237.195,2319.69,0.1679,5,6,89,0.027
125,115.13,41.77,1398,3.9265,435.8,2232.68,0.247,21,38,41,0.0506
126,112.48,43,1080,5.5764,207.792,2324.98,0.1264,5,6,89,0.02
127,112.74,42.96,1082,5.5362,216.618,2320.02,0.1357,18,35,46,0.023
128,116.05,41.86,1521,2.8497,473.901,2207.02,0.2982,22,42,36,0.055
129,115.49,42.11,1400,3.093,424.793,2241.13,0.2527,22,41,37,0.048
130,115.5,42.12,1400,3.1159,423.459,2241.38,0.2519,22,42,36,0.0563
131,116.15,41.89,1599,2.1618,493.286,2208.22,0.298,22,42,36,0.06
132,115.51,42.13,1388,2.9712,426.131,2241.27,0.2512,22,42,36,0.056
133,115.52,42.14,1366,3.136,420.553,2240.86,0.2503,22,42,36,0.067
134,115.53,42.15,1350,3.2174,416.856,2240.66,0.2495,22,42,36,0.087
135,115.57,42.19,1338,3.1985,414.281,2241.25,0.2457,28,35,38,0.046
136,112.03,43.58,961,5.947,166.852,2324.98,0.1138,5,6,89,0.017
137,116.28,42.03,1363,3.1982,449.627,2209.47,0.2805,10,21,69,0.048
138,116.29,42.05,1342,3.4179,441.611,2210.29,0.2773,20,41,39,0.052
139,112.09,43.63,951,5.9092,166.28,2322.77,0.1167,5,6,89,0.019
140,113.07,43.33,951,5.868,196.835,2304.8,0.1102,19,40,41,0.028
141,116.3,42.16,1413,2.7785,445.105,2221.16,0.269,22,42,36,0.047
142,116.31,42.28,1351,2.9129,428.873,2227.88,0.2839,22,42,36,0.056
143,116.32,42.41,1327,2.774,419.876,2235.15,0.2812,22,42,36,0.053
144,111.96,44.07,1049,4.9469,177.958,2322.39,0.1345,14,15,71,0.026
145,116.33,42.52,1354,2.6015,416.568,2241.59,0.2632,19,36,44,0.07
146,116.35,42.65,1371,2.3662,413.969,2247.37,0.2586,5,6,89,0.057
147,113.97,43.58,1076,4.5267,237.145,2277.93,0.1754,26,45,29,0.031
148,116.36,42.77,1368,2.2425,409.563,2251.02,0.246,5,6,89,0.063
149,116.38,43.01,1342,2.237,395.705,2254.17,0.2692,5,6,89,0.067
150,114.23,43.88,1050,4.1874,232.114,2260.67,0.1779,26,45,29,0.043
151,116.39,43.13,1342,2.0895,393.478,2254.43,0.2632,5,6,89,0.061
152,112.04,44.81,1100,3.8236,202.059,2312.92,0.1598,26,29,45,0.041
153,116.73,43.05,1348,2.259,406.327,2255.56,0.2492,5,6,89,0.0425
154,115.53,43.5,1157,3.2054,315.821,2247.39,0.2183,5,6,89,0.029
155,114.43,43.92,1005,4.124,236.025,2252.33,0.1804,26,45,29,0.028
156,112.1,44.89,1061,3.8974,201.024,2309.2,0.17,38,41,21,0.035
157,116.41,43.37,1367,2.0075,384.297,2252.74,0.2818,10,21,69,0.066
158,118.36,42.7,1133,4.6308,433.633,2258.79,0.2916,10,21,69,0.081
159,114.89,44,1123,3.235,266.31,2241.3,0.2003,21,42,37,0.0243
160,116.13,43.54,1330,2.0298,365.26,2247.28,0.271,21,27,52,0.046
161,116.42,43.48,1384,1.6426,389.161,2250.92,0.2947,10,21,69,0.067
162,115.31,43.9,1190,2.8998,294.503,2238.52,0.2286,21,42,37,0.04
163,115.19,43.96,1208,2.6086,295.1,2239.03,0.2146,21,42,37,0.0425
164,117.09,43.31,1287,2.3911,405.028,2258.63,0.2908,8,11,81,0.065
165,115.6,43.87,1109,3.2065,298.175,2233.24,0.2229,22,42,37,0.05
166,116.55,43.53,1220,2.5154,368.398,2245.64,0.249,22,42,36,0.05
167,115.49,43.93,1104,3.076,294.393,2232.3,0.2251,21,42,37,0.051
168,116.74,43.47,1284,2.2902,384.637,2250.82,0.2955,20,40,40,0.0705
169,116.56,43.54,1199,2.7843,360.693,2244.83,0.2427,22,42,36,0.0625
170,116.57,43.55,1206,2.6962,363.049,2244.85,0.2438,22,42,36,0.038
171,116.67,43.53,1297,2.198,381.761,2248.97,0.2816,10,21,69,0.0553
172,116.11,43.74,1089,3.321,320.055,2233.95,0.2429,10,21,69,0.04
173,116.51,43.59,1192,2.9083,353.079,2242.84,0.2464,19,34,47,0.056
174,116.67,43.55,1277,2.3387,376.956,2247.87,0.2748,9,17,74,0.0547
175,117.32,43.31,1470,1.9541,428.15,2268.84,0.311,25,46,29,0.064
176,116.66,43.56,1268,2.3782,374.785,2247.21,0.2686,25,36,39,0.066
177,116.67,43.56,1264,2.4845,372.263,2247.18,0.271,8,11,81,0.0323
178,116.68,43.56,1263,2.4959,372.312,2247.28,0.2733,5,6,89,0.0438
179,116.82,43.51,1401,1.5641,405.894,2254.32,0.3104,11,23,65,0.062
180,116.09,43.79,1102,3.2464,318.896,2232.6,0.2418,12,18,70,0.041
181,115.84,43.9,1168,2.7598,317.44,2231.68,0.2312,21,42,37,0.054
182,115.62,43.99,1094,3.2314,292.254,2228.23,0.2256,21,42,37,0.048
183,115.82,43.93,1131,3.0802,306.561,2229.64,0.2325,21,42,37,0.05
184,115.93,43.9,1046,3.5027,300.927,2227.55,0.2348,21,42,37,0.035
185,115.83,43.94,1112,3.1479,304.633,2228.64,0.2346,21,42,37,0.054
186,116.74,43.6,1224,2.625,369.471,2245.67,0.2739,16,28,56,0.071
187,115.82,43.96,1138,3.0118,306.875,2228.72,0.2346,21,42,37,0.055
188,117.17,43.48,1335,2.0881,408.648,2259.25,0.3165,5,6,89,0.085
189,116.72,43.66,1237,2.5179,368.999,2243.94,0.267,5,6,89,0.046
190,116.11,43.91,1033,3.441,308.889,2226.12,0.2339,10,21,69,0.044
191,116.6,43.75,1230,2.39,363.382,2239.42,0.2669,34,51,15,0.069
192,115.99,44,1025,3.5049,298.482,2222.87,0.2326,21,42,37,0.0527
193,116.33,43.88,1219,2.3945,346.12,2232.74,0.2558,10,21,69,0.052
194,116.57,43.81,1142,2.8619,346.09,2234.39,0.2853,31,44,25,0.057
195,116.36,43.89,1194,2.516,343.887,2231.73,0.2614,10,21,69,0.058
196,116.31,43.91,1201,2.546,340.26,2231.02,0.2527,10,21,69,0.059
197,116.29,43.93,1228,2.303,345.157,2231.01,0.2476,14,27,59,0.034
198,116.66,43.81,1208,2.5943,356.975,2237.12,0.2931,22,42,36,0.062
199,116.44,43.9,1204,2.497,347.164,2231.91,0.2734,10,21,69,0.036
200,116.2,44,1073,3.1037,316.793,2223.68,0.2321,10,21,69,0.043
201,115.9,44.17,951,3.6455,283.366,2214.72,0.2306,18,44,37,0.036
202,116.17,44.1,1054,3.215,307.95,2219.19,0.2363,10,21,69,0.046
203,116.28,44.09,1119,2.7904,323.961,2221.41,0.2534,11,23,66,0.033
204,116.59,43.98,1216,2.3239,353.26,2229.96,0.287,22,42,36,0.059
205,116.35,44.12,1153,2.4875,333.265,2221.25,0.26,22,42,36,0.06
206,116.59,44.03,1258,2.1783,355.028,2229.07,0.2837,22,42,36,0.055
207,116.6,44.03,1249,2.2532,353.489,2228.91,0.2857,22,42,36,0.055
208,116.35,44.13,1133,2.6267,328.844,2220.26,0.2594,22,42,36,0.0547
209,116.79,43.99,1244,2.2487,362.724,2232.27,0.2966,10,21,69,0.043
210,117.58,43.71,1472,1.573,431.994,2267.84,0.3617,21,54,25,0.052
211,116.78,44.01,1234,2.2126,361.959,2231.01,0.2942,10,21,69,0.052
212,115.94,44.33,947,3.6296,278.247,2208.31,0.2333,17,46,37,0.039
213,116.25,44.22,1050,3.1737,306.5,2214.17,0.2511,22,41,37,0.034
214,117.98,43.58,859,5.1565,361.941,2267.69,0.277,12,24,64,0.037
215,116.78,44.04,1241,2.2414,360.449,2229.88,0.2935,10,21,69,0.04
216,116.89,44,1253,2.1652,368.749,2233.41,0.3068,10,21,69,0.048
217,116.47,44.16,1104,2.83,326.199,2218.44,0.2617,10,21,69,0.051
218,116.76,44.06,1240,2.2471,358.347,2228.76,0.2933,10,21,69,0.043
219,115.93,44.38,949,3.5297,278.1,2206.65,0.2359,22,42,36,0.041
220,115.71,44.48,1100,2.7299,286.223,2209.84,0.2377,21,42,37,0.036
221,116.45,44.2,1091,2.9774,319.878,2216.32,0.2596,10,21,69,0.045
222,115.91,44.48,990,3.2562,280.348,2204.5,0.232,21,42,37,0.031
223,118.54,43.53,689,6.395,356.292,2285.56,0.2436,36,38,26,0.057
224,117.55,43.97,1640,0.355,448.826,2260.68,0.345,21,54,25,0.067
225,120.7,42.9,363,7.8953,396.39,2243.16,0.2482,5,6,89,0.038
226,115.78,44.73,998,2.9954,273.906,2198.36,0.2182,21,42,37,0.044
227,117.46,44.1,1291,2.0314,391.879,2241.29,0.3327,23,54,23,0.066
228,120.69,42.92,361,7.9501,393.632,2245.89,0.2471,5,6,89,0.046
229,120.7,42.92,360,7.9517,393.756,2245.4,0.2469,5,6,89,0.0318
230,120.71,42.92,360,7.9507,394.23,2244.9,0.2467,5,6,89,0.0557
231,120.71,42.97,351,7.939,391.537,2250.2,0.2405,5,6,89,0.038
232,120.72,42.99,350,7.9483,390.348,2251.78,0.235,5,6,89,0.046
233,120.72,43.01,350,7.9493,389.604,2253.83,0.2302,5,6,89,0.043
234,117.02,44.39,1073,2.5899,342.762,2211.76,0.2864,10,21,69,0.035
235,115.79,44.87,992,2.8858,273.443,2194.42,0.2328,21,42,37,0.035
236,119.11,43.63,777,5.7565,388.859,2305.52,0.2589,22,42,36,0.046
237,116.03,44.84,875,3.5833,265.833,2189.01,0.2217,21,42,37,0.048
238,120.77,43.1,331,7.9727,384.472,2259.25,0.2146,22,39,38,0.037
239,117.19,44.47,1048,2.6114,344.061,2209.49,0.2844,34,37,29,0.049
240,116.11,44.95,899,3.1339,276.835,2186.08,0.2195,21,42,37,0.028
241,116.29,44.89,897,3.3679,278.428,2186.15,0.221,27,34,39,0.045
242,115.41,45.33,1326,1.0415,302.562,2202.6,0.246,17,33,50,0.049
243,116.24,45.01,838,3.3546,274.392,2181.69,0.222,21,42,37,0.031
244,117.68,44.51,1059,2.477,364.868,2217.16,0.308,21,42,37,0.062
245,117.67,44.55,1040,2.5871,359.047,2214.09,0.3031,23,37,40,0.054
246,118.42,44.28,1155,2.684,408.488,2257.61,0.3683,5,6,89,0.097
247,119.32,43.95,537,6.6464,360.969,2289.47,0.2802,12,29,59,0.067
248,118.69,44.23,1228,3.0603,414.088,2272.59,0.3088,22,51,27,0.082
249,118.7,44.23,1226,2.7108,424.472,2272.86,0.3096,21,54,25,0.104
250,119.51,43.94,501,6.837,360.376,2292.1,0.2664,21,42,36,0.057
251,115.78,45.36,1071,2.2325,282.543,2187.74,0.2409,23,19,58,0.041
252,116.42,45.13,848,3.3757,277.173,2177.71,0.2181,26,45,29,0.048
253,119.76,43.88,456,6.8286,364.533,2296.15,0.2821,21,42,37,0.072
254,116.54,45.1,851,3.3351,282.35,2177.81,0.2322,26,45,29,0.041
255,120.39,43.71,347,7.3954,361.044,2292.31,0.2452,18,48,34,0.051
256,119.99,43.89,478,6.4883,374.612,2295.49,0.2499,21,42,37,0.059
257,116.58,45.24,847,3.1679,284.481,2174.05,0.2176,18,46,37,0.035
258,116.67,45.22,894,2.906,294.026,2175.36,0.2157,21,42,37,0.031
259,116.27,45.43,896,2.8473,280.597,2174.57,0.2421,10,21,69,0.033
260,118.36,44.77,1045,2.2277,385.13,2216.36,0.3138,20,46,34,0.077
261,117.91,44.95,959,2.3672,353.59,2193.73,0.2805,20,25,55,0.0553
262,116.72,45.43,858,2.9396,290.487,2169.1,0.2432,21,42,38,0.032
263,116.92,45.43,847,2.9032,296.349,2167.48,0.2403,10,21,69,0.026
264,117.14,45.35,844,2.8416,305.197,2168.76,0.2424,5,7,88,0.031
265,116.7,45.58,1013,1.9907,311.588,2170.53,0.2388,10,21,69,0.027
266,117.04,45.59,911,2.3894,308.688,2164.44,0.252,21,42,37,0.036
267,117.16,45.62,1067,1.4599,335.203,2167.25,0.2748,10,21,69,0.033
268,117.13,45.68,994,1.7428,325.366,2163.69,0.2801,20,39,41,0.0583
269,119.16,44.97,1191,1.1814,437.212,2215.39,0.3523,23,54,23,0.056
270,116.53,45.99,884,2.4845,288.373,2161.73,0.2718,17,30,52,0.043
271,116.51,46.08,828,2.6406,283.066,2159.11,0.2653,21,42,37,0.045
272,116.89,45.94,1034,1.2976,326.735,2161.21,0.2987,22,42,36,0.049
273,117.13,45.96,1002,1.3542,328.756,2156.41,0.2975,10,21,69,0.067
274,121.18,44.47,218,7.8338,354.622,2193.5,0.2712,21,41,38,0.055
275,116.74,46.17,884,2.165,297.806,2154.72,0.2779,9,11,80,0.048
276,118.81,45.37,895,1.651,385.46,2172.34,0.2837,6,8,86,0.042
277,117.14,46.07,940,1.6721,318.438,2151.57,0.2845,22,43,35,0.045
278,120.76,44.75,394,6.7855,377.904,2187.47,0.3203,10,17,73,0.056
279,117.72,45.97,1014,0.7099,356.155,2149.07,0.2887,17,34,49,0.043
280,118.34,45.74,853,1.3763,359.858,2149.33,0.268,25,42,33,0.0437
281,117.77,45.97,1054,0.3567,366.74,2149.66,0.293,16,32,52,0.037
282,118.09,45.85,939,1.0413,358.259,2148.25,0.2827,22,42,36,0.041
283,118.03,45.91,977,0.7097,364.45,2147.13,0.295,12,23,65,0.045
284,118.41,45.78,893,1.1708,366.13,2147.8,0.2648,22,43,35,0.051
285,118.25,45.85,927,0.8844,366.885,2146.47,0.2773,10,21,69,0.038
286,117.88,46.03,1117,0.0138,376.652,2147.74,0.3091,10,21,69,0.047
287,118.66,45.75,907,1.0084,380.397,2147.83,0.2691,22,42,36,0.037
288,118.7,45.76,900,1.0079,381.808,2146.62,0.2692,24,39,36,0.054
289,119.26,45.58,927,1.2626,410.902,2153.95,0.2923,19,37,44,0.056
290,119.13,45.63,891,1.2643,401.57,2150.71,0.2904,21,43,36,0.042
291,118.11,46.05,952,0.6229,365.503,2139.16,0.2938,19,39,43,0.038
292,117.53,46.28,914,1.0996,335.749,2137.92,0.2776,10,21,69,0.048
293,118.46,45.93,958,0.4521,383.207,2141.01,0.2956,25,45,30,0.055
294,118.14,46.06,966,0.4086,371.708,2138.71,0.2861,16,25,59,0.038
295,118.55,45.91,950,0.602,383.071,2140.82,0.2797,11,22,67,0.065
296,117.72,46.27,842,1.2954,334.641,2132.81,0.2748,16,31,53,0.036
297,118.83,45.88,961,0.3287,403.315,2139.42,0.285,18,47,35,0.072
298,118.35,46.07,1019,0.0633,386.976,2136.88,0.2845,25,47,28,0.08
299,117.83,46.32,826,1.189,338.974,2128.43,0.2675,5,6,89,0.05
300,117.76,46.36,814,1.3105,333.708,2127.84,0.28,20,39,41,0.063
301,117.95,46.29,935,0.3574,363.8,2130.64,0.2585,10,21,69,0.034
302,119.43,45.73,938,1.1169,422.83,2139.75,0.2957,21,37,42,0.068
303,117.63,46.45,889,0.8846,340.698,2129.26,0.2815,22,42,36,0.038
304,119.66,45.69,1006,1.0181,442.182,2140.11,0.2998,21,35,45,0.068
305,117.95,46.37,828,0.959,347.07,2124.2,0.2663,5,6,89,0.057
306,118.31,46.25,909,0.3509,374.446,2125.43,0.2758,15,30,55,0.07
307,118.47,46.23,919,0.3668,380.397,2123.96,0.2785,21,39,40,0.06
308,118.3,46.3,949,0.0417,381.652,2124.33,0.2768,9,16,74,0.059
309,118.56,46.26,896,0.1631,388.805,2120.08,0.2751,5,6,89,0.078
310,118.54,46.27,888,0.3371,383.266,2119.71,0.2754,19,39,42,0.045
311,118.36,46.35,950,-0.0225,384.409,2120.76,0.2801,5,6,89,0.048
312,118.8,46.22,938,0.1051,402.023,2118.99,0.3094,25,47,28,0.052
313,118.35,46.55,830,0.4036,370.274,2107.64,0.2699,42,42,16,0.052
314,118.81,46.37,947,-0.1354,405.955,2110.49,0.2941,24,46,31,0.067
315,118.25,46.62,889,0.1232,373.05,2108.21,0.3032,5,6,89,0.045
316,118.33,46.63,851,0.2065,373.307,2104.73,0.3014,5,6,89,0.051
317,118.42,46.6,836,0.4117,371.905,2103.7,0.282,43,32,23,0.067
318,118.56,46.61,844,0.1717,383.295,2100.09,0.2854,23,27,50,0.071
319,118.99,46.46,952,-0.2852,418.508,2101.33,0.3111,25,47,28,0.081
320,118.73,46.63,901,-0.2252,400.599,2096.48,0.2932,12,20,68,0.067
321,118.9,46.58,929,-0.4216,415.267,2095.9,0.307,22,39,39,0.073
322,119.04,46.57,952,-0.5374,426.403,2093.61,0.3064,24,41,35,0.079
323,119.41,46.53,1071,-0.9143,462.461,2089.43,0.3333,9,16,75,0.063
324,119.86,46.62,1247,-1.867,524.55,2074.81,0.3665,23,54,23,0.087
325,116.56,48.45,630,2.0336,290.691,2137.22,0.2663,21,42,37,0.05
326,119.3,47.65,895,-0.9599,431.298,2012.03,0.3439,21,38,41,0.069
327,118.1,48.2,594,1.6468,320.88,2028.48,0.2523,5,6,89,0.046
328,119.09,47.8,799,-0.4132,404.113,2006.48,0.2764,21,43,36,0.05
329,117.15,48.65,121,2.258,288.521,2077,0.2561,30,44,26,0.05
330,118.16,48.3,592,1.6458,322.043,2020.64,0.2552,32,43,25,0.0455
331,118.82,48.09,783,-0.0116,381.32,1998.54,0.267,22,42,36,0.0503
332,118.6,48.41,752,0.3804,363.402,1991.86,0.2539,21,43,36,0.07
333,119.43,48.15,752,-0.3883,414.532,1964.56,0.3134,5,6,89,0.046
334,119.39,48.18,756,-0.3184,410.259,1964.16,0.3103,5,6,89,0.067
335,119.35,48.21,754,-0.3823,409.362,1963.72,0.3076,22,36,42,0.078
336,119.45,48.22,791,-0.5433,417.691,1959.46,0.3094,5,6,89,0.081
337,119.41,48.3,772,-0.4456,411.566,1954.82,0.3052,21,46,33,0.08
338,118.69,48.61,682,0.7389,354.758,1974.5,0.2888,21,43,36,0.0733
339,119.36,48.36,778,-0.4205,407.417,1953.02,0.3036,21,43,36,0.082
340,119.22,48.42,697,0.0962,387.687,1953.77,0.2993,21,43,36,0.061
341,119.25,48.47,714,-0.0489,391.591,1949.36,0.3166,23,42,35,0.071
342,119.33,48.44,749,-0.2246,399.213,1948.17,0.3101,21,43,36,0.082
343,119.06,48.55,694,0.3074,375.482,1954.49,0.3172,25,47,28,0.087
344,118.15,48.93,550,1.6459,321.846,2002.26,0.2693,21,39,40,0.048
345,119.6,48.34,816,-0.7479,426.76,1944.49,0.307,21,43,36,0.052
346,119.06,48.57,715,0.1842,378.337,1953.9,0.3207,25,47,28,0.069
347,119.66,48.33,798,-0.4918,423.264,1942.18,0.3102,21,43,36,0.061
348,120.47,48.03,939,-0.9634,503.806,1942.93,0.3832,23,44,33,0.097
349,119.05,48.61,734,0.0821,380.248,1952.75,0.3052,25,47,28,0.076
350,118.7,48.76,700,0.4626,361.949,1967.8,0.3005,22,42,36,0.059
351,119.74,48.35,776,-0.5455,427.944,1936.68,0.3129,21,43,36,0.053
352,119.86,48.31,764,-0.6771,438.961,1934.76,0.3217,23,54,23,0.066
353,119.63,48.41,789,-0.5031,419.326,1937.15,0.3039,21,43,36,0.086
354,118.75,48.77,703,0.3922,364.805,1963.86,0.2993,22,42,36,0.073
355,119.83,48.34,752,-0.3953,429.125,1933.2,0.3172,20,42,38,0.063
356,120.43,48.13,953,-1.6196,512.117,1936.16,0.3939,23,51,26,0.098
357,119.27,48.6,758,-0.2528,394.978,1941.17,0.3239,25,47,28,0.061
358,119.08,48.68,680,0.2805,375.14,1945.55,0.3001,24,10,66,0.068
359,119.3,48.6,769,-0.3808,399.369,1939.8,0.3215,25,47,28,0.074
360,119.66,48.46,762,-0.447,417.838,1931.38,0.3112,25,47,28,0.06
361,119.12,48.69,687,0.1845,378.521,1942.72,0.306,24,10,66,0.075
362,119.33,48.61,770,-0.4307,401.31,1937.55,0.321,25,47,28,0.083
363,119.65,48.48,751,-0.3581,414.397,1930.07,0.3125,25,47,28,0.086
364,119.7,48.47,750,-0.3952,418.156,1928.54,0.317,25,47,28,0.087
365,119.15,48.72,677,0.2601,376.706,1938.94,0.3113,24,10,66,0.079
366,120.32,48.25,809,-0.7115,472.789,1925.4,0.4595,23,54,23,0.109
367,119.7,48.5,746,-0.2967,414.203,1926.25,0.3212,25,47,28,0.066
368,120.29,48.27,807,-0.721,469.39,1924.56,0.4941,23,54,23,0.072
369,119.31,48.72,746,-0.3164,395.976,1931.32,0.2956,31,42,27,0.08
370,119.49,48.65,750,-0.3337,402.433,1925.92,0.3295,25,47,28,0.091
371,119.82,48.53,707,-0.2729,417.742,1917.8,0.3169,25,46,29,0.084
372,120.31,48.36,809,-0.715,465.104,1916.65,0.3861,20,43,37,0.0935
373,119.77,48.6,686,-0.1512,409.887,1914.25,0.3132,22,43,35,0.08
374,119.22,48.84,650,0.2611,377.143,1927.46,0.306,21,39,40,0.072
375,119.45,48.75,729,-0.3953,401.051,1921.18,0.302,25,47,28,0.053
376,120.01,48.58,799,-0.9698,442.018,1909.02,0.3278,25,47,28,0.098
377,119.97,48.6,799,-0.8816,436.772,1909.05,0.3235,25,47,28,0.091
378,120.08,48.57,753,-0.5427,435.545,1905.96,0.3325,17,26,57,0.069
379,119.69,48.74,749,-0.6366,414.265,1909.97,0.3191,25,47,28,0.066
380,119.62,48.77,698,-0.2161,400.3,1910.11,0.3126,25,47,28,0.072
381,119.61,48.78,690,-0.1245,397.634,1909.78,0.3082,25,47,28,0.07
382,119.62,48.78,692,-0.1391,398.188,1909.3,0.31,25,47,28,0.059
383,119.67,48.79,692,-0.2637,402.275,1906.16,0.3147,25,47,28,0.084
384,120.51,48.45,860,-0.812,476.024,1905.2,0.3619,23,39,38,0.102
385,119.66,48.8,668,-0.1114,397.812,1905.37,0.3106,25,47,28,0.073
386,119.65,48.82,650,-0.0531,395.43,1904.12,0.3033,25,47,28,0.057
387,119.44,48.92,656,0.0908,385.022,1909.99,0.3063,17,32,51,0.043
388,119.98,48.7,790,-0.8979,433.115,1901.11,0.3239,22,39,39,0.088
389,118.28,49.41,631,1.2295,348.178,1987.18,0.2577,22,43,35,0.068
390,119.49,48.91,658,0.06,387.019,1907.68,0.3069,21,40,39,0.0765
391,119.77,48.8,689,-0.3641,407.59,1900.59,0.3079,25,47,28,0.068
392,119.78,48.8,689,-0.3816,408.389,1900.14,0.3078,25,47,28,0.065
393,119.48,48.93,679,-0.0601,389.626,1907.73,0.3087,14,30,56,0.079
394,119.49,48.93,682,-0.0459,389.447,1907.24,0.3091,21,42,37,0.07
395,119.47,48.94,688,-0.047,388.972,1908.03,0.3094,20,40,40,0.071
396,119.47,48.95,696,-0.0897,390.1,1907.71,0.3104,22,42,36,0.075
397,119.75,48.85,653,-0.162,400.144,1897.36,0.2996,25,47,28,0.082
398,119.89,48.8,667,-0.3169,410.238,1894.56,0.3123,23,54,23,0.056
399,119.78,48.85,662,-0.254,403.34,1896.19,0.3032,25,47,28,0.077
400,120.03,48.79,755,-0.7632,427.166,1891.79,0.3202,5,6,89,0.072
401,119.79,48.89,657,-0.2868,403.318,1893.06,0.3043,25,47,28,0.057
402,120.09,48.79,771,-0.9799,435.626,1889.92,0.3235,13,30,57,0.061
403,118.4,49.49,613,0.8999,364.598,1974.57,0.265,21,44,34,0.072
404,120.11,48.79,768,-0.873,433.191,1889.06,0.3254,23,53,23,0.056
405,119.97,48.85,701,-0.5782,417.553,1888.71,0.3149,19,33,48,0.072
406,119.98,48.86,699,-0.6029,418.044,1887.58,0.3148,21,36,43,0.062
407,118.46,49.49,617,0.9152,365.185,1968.89,0.264,19,38,44,0.049
408,119.54,49.05,705,-0.404,398.125,1898.65,0.2974,21,42,37,0.057
409,119.61,49.07,710,-0.4204,399.119,1893.72,0.2972,21,42,37,0.046
410,119.98,48.92,700,-0.4669,411.871,1883.68,0.3128,23,39,38,0.084
411,120.23,48.82,760,-0.8926,437.188,1882.43,0.3381,26,38,36,0.084
412,119.84,48.98,650,-0.3277,402.686,1884.99,0.311,25,47,28,0.06
413,118.95,49.35,676,0.2599,381.081,1928.65,0.2594,22,42,36,0.06
414,120.22,48.83,775,-1.1112,441.964,1882.48,0.3361,15,11,74,0.067
415,119.61,49.08,701,-0.433,399.325,1892.98,0.2967,15,32,53,0.061
416,119.19,49.28,613,0.404,375.848,1910.02,0.2938,18,34,48,0.071
417,119.61,49.11,695,-0.3808,397.663,1891.33,0.2951,21,39,40,0.069
418,119.98,48.97,699,-0.639,414.416,1880.53,0.3103,6,7,87,0.063
419,119.9,49.02,674,-0.5543,408.555,1880.45,0.3137,25,47,28,0.06
420,120.12,48.96,765,-1.0558,429.735,1877.14,0.3256,5,6,89,0.084
421,120.3,48.89,827,-1.5021,451.858,1876.98,0.3407,5,6,89,0.056
422,119.84,49.11,650,-0.5288,404.058,1877.67,0.2963,25,47,28,0.077
423,119.88,49.13,650,-0.5379,404.661,1874.59,0.2895,25,47,28,0.074
424,120.19,49.09,753,-1.3085,432.328,1865.99,0.3294,23,54,23,0.08
425,119.75,49.28,670,-0.448,398.881,1874.75,0.2922,22,43,35,0.069
426,119.73,49.29,674,-0.5965,402.76,1875.55,0.2941,22,43,35,0.062
427,120.31,49.07,733,-1.1695,432.928,1862.25,0.3346,23,54,23,0.087
428,120.32,49.07,724,-1.0519,430.358,1861.66,0.3349,23,54,23,0.06
429,120.3,49.08,744,-1.2007,432.866,1862.28,0.3343,23,54,23,0.07
430,120.05,49.2,642,-0.635,407.404,1862.65,0.2976,25,47,28,0.058
431,120.36,49.15,674,-1.0634,427.764,1854.05,0.3258,18,42,40,0.057
432,120.52,49.1,777,-1.3769,444.492,1854.83,0.343,5,6,89,0.06
433,119.97,49.33,654,-0.7341,406.405,1860.35,0.293,25,47,28,0.095
434,120.39,49.16,689,-1.1243,430.134,1852.82,0.3283,5,6,89,0.072
435,120.06,49.4,647,-0.8449,408.835,1852.61,0.3049,25,47,28,0.07
436,119.8,49.52,650,-0.5402,401.621,1862.04,0.3212,25,45,30,0.087
437,120.06,49.47,727,-1.3936,422.77,1851.8,0.3279,25,47,28,0.081
438,120.23,49.41,652,-1.065,415.678,1844.58,0.3236,23,54,23,0.09
439,119.79,49.62,737,-1.1847,420.311,1861.87,0.3228,29,36,35,0.096
440,119.51,49.8,652,-0.2828,408.943,1874.65,0.3,25,47,28,0.06
441,119.26,49.91,565,0.5739,401.01,1890.89,0.3437,25,47,28,0.05
442,119.63,50,623,-0.4468,417.381,1862.19,0.3203,23,54,23,0.06
443,121.43,49.26,949,-2.2176,511.559,1832.41,0.4006,22,37,41,0.065
444,119.63,50.11,608,-0.2183,416.191,1860.76,0.3364,23,54,23,0.06
445,119.49,50.19,558,0.1125,420.216,1870.05,0.332,23,54,23,0.061
446,119.63,50.2,585,-0.2578,422.046,1859.58,0.3424,23,54,23,0.06
447,120.17,50.2,601,-1.3207,421.528,1822.86,0.339,25,41,34,0.085
448,120.17,50.21,597,-1.2969,420.878,1822.6,0.3393,25,41,34,0.072